PUBLIC LISTED COMPANIES,ticker
7-ELEVEN MALAYSIA HOLDINGS BERHAD,5250.KL
ABF MALAYSIA BOND INDEX FUND,0800EA.KL
ABLE GLOBAL BERHAD,7167.KL
ABLEGROUP BERHAD,7086.KL
ABM FUJIYA BERHAD,5198.KL
ACME HOLDINGS BERHAD,7131.KL
ACO GROUP BERHAD,0218.KL
ADVANCE INFORMATION MARKETING BERHAD,0122.KL
ADVANCE SYNERGY BERHAD,1481.KL
ADVANCECON HOLDINGS BERHAD,5281.KL
ADVENTA BERHAD,7191.KL
AE MULTI HOLDINGS BERHAD,7146.KL
AEMULUS HOLDINGS BERHAD,0181.KL
AEON CO. (M) BHD,6599.KL
AEON CREDIT SERVICE (M) BERHAD,5139.KL
AFFIN BANK BERHAD,5185.KL
AGESON BERHAD,7145.KL
AGMO HOLDINGS BERHAD,0258.KL
AGRICORE CS HOLDINGS BERHAD,0309.KL
AGX GROUP BERHAD,0299.KL
AHB HOLDINGS BERHAD,7315.KL
AHMAD ZAKI RESOURCES BERHAD,7078.KL
AIMFLEX BERHAD,0209.KL
AIRASIA X BERHAD,5238.KL
AJINOMOTO (MALAYSIA) BERHAD,2658.KL
AJIYA BERHAD,7609.KL
ALAM MARITIM RESOURCES BERHAD,5115.KL
AL-'AQAR HEALTHCARE REIT,5116.KL
ALCOM GROUP BERHAD,2674.KL
ALDRICH RESOURCES BERHAD,0079.KL
ALLIANCE BANK MALAYSIA BERHAD,2488.KL
ALLIANZ MALAYSIA BERHAD,1163.KL
ALPHA IVF GROUP BERHAD,0303.KL
AL-SALAM REAL ESTATE INVESTMENT TRUST,5269.KL
AMANAHRAYA REAL ESTATE INVESTMENT TRUST,5127.KL
AME ELITE CONSORTIUM BERHAD,5293.KL
AME REAL ESTATE INVESTMENT TRUST,5307.KL
AMFIRST REAL ESTATE INVESTMENT TRUST,5120.KL
AMMB HOLDINGS BERHAD,1015.KL
AMTEL HOLDINGS BERHAD,7031.KL
AMWAY (MALAYSIA) HOLDINGS BERHAD,6351.KL
ANALABS RESOURCES BERHAD,7083.KL
ANCOM LOGISTICS BERHAD,0048.KL
ANCOM NYLEX BERHAD,4758.KL
ANEKA JARINGAN HOLDINGS BERHAD,0226.KL
ANN JOO RESOURCES BERHAD,6556.KL
APB RESOURCES BERHAD,5568.KL
APEX EQUITY HOLDINGS BERHAD,5088.KL
APEX HEALTHCARE BERHAD,7090.KL
APM AUTOMOTIVE HOLDINGS BERHAD,5015.KL
APOLLO FOOD HOLDINGS BERHAD,6432.KL
APPASIA BERHAD,0119.KL
A-RANK BERHAD,7214.KL
ARB BERHAD,7181.KL
ARK RESOURCES HOLDINGS BERHAD,7007.KL
ARKA BERHAD,7218.KL
ARTRONIQ BERHAD,0038.KL
ASDION BERHAD,0068.KL
ASIA BRANDS BERHAD,7722.KL
ASIA FILE CORPORATION BHD,7129.KL
ASIA POLY HOLDINGS BERHAD,0105.KL
ASIAN PAC HOLDINGS BERHAD,4057.KL
ASTEEL GROUP BERHAD,7020.KL
ASTINO BERHAD,7162.KL
ASTRAL ASIA BERHAD,7054.KL
ASTRO MALAYSIA HOLDINGS BERHAD,6399.KL
AT SYSTEMATIZATION BERHAD,0072.KL
ATA IMS BERHAD,8176.KL
ATLAN HOLDINGS BHD,7048.KL
ATRIUM REAL ESTATE INVESTMENT TRUST,5130.KL
AURELIUS TECHNOLOGIES BERHAD,5302.KL
AURO HOLDINGS BERHAD,5025.KL
AUTOCOUNT DOTCOM BERHAD,0276.KL
AVALAND BERHAD,5182.KL
AVILLION BERHAD,8885.KL
AWANBIRU TECHNOLOGY BERHAD,5204.KL
AWC BERHAD,7579.KL
AXIATA GROUP BERHAD,6888.KL
AXIS REAL ESTATE INVESTMENT TRUST,5106.KL
AXTERIA GROUP BERHAD,7120.KL
AYER HOLDINGS BERHAD,2305.KL
AYS VENTURES BERHAD,5021.KL
B.I.G. INDUSTRIES BERHAD,7005.KL
BAHVEST RESOURCES BERHAD,0098.KL
BANK ISLAM MALAYSIA BERHAD,5258.KL
BARAKAH OFFSHORE PETROLEUM BERHAD,7251.KL
BATU KAWAN BERHAD,1899.KL
BCB BERHAD,6602.KL
BCM ALLIANCE BERHAD,0187.KL
BENALEC HOLDINGS BERHAD,5190.KL
BERJAYA ASSETS BERHAD,3239.KL
BERJAYA CORPORATION BERHAD,3395.KL
BERJAYA FOOD BERHAD,5196.KL
BERJAYA LAND BERHAD,4219.KL
BERMAZ AUTO BERHAD,5248.KL
BERTAM ALLIANCE BERHAD,9814.KL
BESHOM HOLDINGS BERHAD,7668.KL
BETAMEK BERHAD,0263.KL
BINA DARULAMAN BERHAD,6173.KL
BINA PURI HOLDINGS BHD,5932.KL
BINASAT COMMUNICATIONS BERHAD,0195.KL
BINASTRA CORPORATION BERHAD,7195.KL
BINTAI KINDEN CORPORATION BERHAD,6998.KL
BINTULU PORT HOLDINGS BERHAD,5032.KL
BIOALPHA HOLDINGS BERHAD,0179.KL
BLD PLANTATION BHD.,5069.KL
BM GREENTECH BERHAD,0168.KL
BONIA CORPORATION BERHAD,9288.KL
BORNEO OIL BERHAD,7036.KL
BOUSTEAD HEAVY INDUSTRIES CORPORATION BHD,8133.KL
BOX-PAK (MALAYSIA) BERHAD,6297.KL
BP PLASTICS HOLDING BHD,5100.KL
BRIGHT PACKAGING INDUSTRY BERHAD,9938.KL
BRITE-TECH BERHAD,0011.KL
BRITISH AMERICAN TOBACCO (MALAYSIA) BERHAD,4162.KL
BSL CORPORATION BERHAD,7221.KL
BTM RESOURCES BERHAD,7188.KL
BUMI ARMADA BERHAD,5210.KL
BURSA MALAYSIA BERHAD,1818.KL
BV LAND HOLDINGS BERHAD,3042.KL
BWYS GROUP BERHAD,0313.KL
C.I. HOLDINGS BERHAD,2828.KL
CAB CAKARAN CORPORATION BERHAD,7174.KL
CABNET HOLDINGS BERHAD,0191.KL
CAHYA MATA SARAWAK BERHAD,2852.KL
CAM RESOURCES BERHAD,7128.KL
CAN-ONE BERHAD,5105.KL
CAPE EMS BERHAD,5311.KL
CAPITAL A BERHAD,5099.KL
CAPITALAND MALAYSIA TRUST,5180.KL
CAREPLUS GROUP BERHAD,0163.KL
CARIMIN PETROLEUM BERHAD,5257.KL
CARLSBERG BREWERY MALAYSIA BERHAD,2836.KL
CATCHA DIGITAL BERHAD,0173.KL
CB INDUSTRIAL PRODUCT HOLDING BERHAD,7076.KL
CCK CONSOLIDATED HOLDINGS BERHAD,7035.KL
CEKD BERHAD,0238.KL
CELCOMDIGI BERHAD,6947.KL
CENGILD MEDICAL BERHAD,0243.KL
CENSOF HOLDINGS BERHAD,5195.KL
CENTRAL GLOBAL BERHAD,8052.KL
CEPATWAWASAN GROUP BERHAD,8982.KL
CHEETAH HOLDINGS BERHAD,7209.KL
CHIN HIN GROUP BERHAD,5273.KL
CHIN HIN GROUP PROPERTY BERHAD,7187.KL
CHIN TECK PLANTATIONS BERHAD,1929.KL
CHIN WELL HOLDINGS BERHAD,5007.KL
CHINA OUHUA WINERY HOLDINGS LIMITED,5188.KL
CHOO BEE METAL INDUSTRIES BHD,5797.KL
CHUAN HUAT RESOURCES BHD,7016.KL
CIMB GROUP HOLDINGS BERHAD,1023.KL
CITAGLOBAL BERHAD,7245.KL
CITRA NUSA HOLDINGS BERHAD,5104.KL
CJ CENTURY LOGISTICS HOLDINGS BERHAD,7117.KL
CLASSITA HOLDINGS BERHAD,7154.KL
CLOUDPOINT TECHNOLOGY BERHAD,0277.KL
CME GROUP BERHAD,7018.KL
CN ASIA CORPORATION BHD,7986.KL
CNERGENZ BERHAD,0246.KL
COASTAL CONTRACTS BHD,5071.KL
COMFORT GLOVES BERHAD,2127.KL
COMPUGATES HOLDINGS BERHAD,5037.KL
COMPUTER FORMS (MALAYSIA) BERHAD,8044.KL
CONCRETE ENGINEERING PRODUCTS BERHAD,8435.KL
CORAZA INTEGRATED TECHNOLOGY BERHAD,0240.KL
COSMOS TECHNOLOGY INTERNATIONAL BERHAD,0261.KL
COUNTRY HEIGHTS HOLDINGS BHD,5738.KL
COUNTRY VIEW BERHAD,5049.KL
CPE TECHNOLOGY BERHAD,5317.KL
CRESCENDO CORPORATION BERHAD,6718.KL
CREST BUILDER HOLDINGS BERHAD,8591.KL
CRITICAL HOLDINGS BERHAD,0291.KL
CSC STEEL HOLDINGS BERHAD,5094.KL
CTOS DIGITAL BERHAD,5301.KL
CUSCAPI BERHAD,0051.KL
CWG HOLDINGS BERHAD,9423.KL
CYBERJAYA EDUCATION GROUP BERHAD,5166.KL
CYL CORPORATION BERHAD,7157.KL
CYPARK RESOURCES BERHAD,5184.KL
D & O GREEN TECHNOLOGIES BERHAD,7204.KL
DAGANG NEXCHANGE BERHAD,4456.KL
DANCOMECH HOLDINGS BERHAD,5276.KL
DATAPREP HOLDINGS BHD,8338.KL
DATASONIC GROUP BERHAD,5216.KL
DAYANG ENTERPRISE HOLDINGS BERHAD,5141.KL
DAYTHREE DIGITAL BERHAD,0281.KL
DC HEALTHCARE HOLDINGS BERHAD,0283.KL
DELEUM BERHAD,5132.KL
DESTINI BERHAD,7212.KL
DFCITY GROUP BERHAD,5165.KL
DGB ASIA BERHAD,0152.KL
DIALOG GROUP BERHAD,7277.KL
DIGISTAR CORPORATION BERHAD,0029.KL
DIVFEX BERHAD,0131.KL
DKLS INDUSTRIES BHD,7528.KL
DKSH HOLDINGS (MALAYSIA) BERHAD,5908.KL
D'NONCE TECHNOLOGY BHD,7114.KL
DOLPHIN INTERNATIONAL BERHAD,5265.KL
DOMINANT ENTERPRISE BERHAD,7169.KL
DPI HOLDINGS BERHAD,0205.KL
DPS RESOURCES BERHAD,7198.KL
DRB-HICOM BERHAD,1619.KL
DS SIGMA HOLDINGS BERHAD,0269.KL
DUFU TECHNOLOGY CORP. BERHAD,7233.KL
DUOPHARMA BIOTECH BERHAD,7148.KL
DUTALAND BERHAD,3948.KL
DUTCH LADY MILK INDUSTRIES BERHAD,3026.KL
DXN HOLDINGS BHD.,5318.KL
E.A.TECHNIQUE (M) BERHAD,5259.KL
EA HOLDINGS BERHAD,0154.KL
EASTERN & ORIENTAL BERHAD,3417.KL
ECA INTEGRATED SOLUTION BERHAD,0267.KL
ECM LIBRA GROUP BERHAD,2143.KL
ECO WORLD DEVELOPMENT GROUP BERHAD,8206.KL
ECO WORLD INTERNATIONAL BERHAD,5283.KL
ECOBUILT HOLDINGS BERHAD,0059.KL
ECOFIRST CONSOLIDATED BHD,3557.KL
ECOMATE HOLDINGS BERHAD,0239.KL
ECONFRAME BERHAD,0227.KL
ECONPILE HOLDINGS BERHAD,5253.KL
ECOSCIENCE INTERNATIONAL BERHAD,0255.KL
EDARAN BERHAD,5036.KL
EDELTEQ HOLDINGS BERHAD,0278.KL
EDEN INC. BERHAD,7471.KL
EDUSPEC HOLDINGS BERHAD,0107.KL
EFFICIENT E-SOLUTIONS BERHAD,0064.KL
EG INDUSTRIES BERHAD,8907.KL
EITA RESOURCES BERHAD,5208.KL
EKOVEST BERHAD,8877.KL
EKSONS CORPORATION BERHAD,9016.KL
ELK-DESA RESOURCES BERHAD,5228.KL
ELSOFT RESEARCH BERHAD,0090.KL
EMICO HOLDINGS BERHAD,9091.KL
ENCORP BERHAD,6076.KL
ENG KAH CORPORATION BERHAD,7149.KL
ENGTEX GROUP BERHAD,5056.KL
ENRA GROUP BERHAD,8613.KL
EONMETALL GROUP BERHAD,7217.KL
EP MANUFACTURING BHD,7773.KL
EPICON BERHAD,4847.KL
EQ8 DOW JONES ISLAMIC MARKET MALAYSIA TITANS 25 ETF,0821EA.KL
EQ8 DOW JONES US TITANS 50 ETF,0827EA.KL
EQ8 MSCI MALAYSIA ISLAMIC DIVIDEND ETF,0824EA.KL
EQ8 MSCI SEA ISLAMIC DIVIDEND ETF,0825EA.KL
ES CERAMICS TECHNOLOGY BHD,0100.KL
ESTHETICS INTERNATIONAL GROUP BERHAD,5081.KL
EUPE CORPORATION BERHAD,6815.KL
EURO HOLDINGS BERHAD,7208.KL
EUROSPAN HOLDINGS BERHAD,7094.KL
EVD BERHAD,0174.KL
EVERGREEN FIBREBOARD BERHAD,5101.KL
EVERGREEN MAX CASH CAPITAL BERHAD,0286.KL
EVERSAFE RUBBER BERHAD,0190.KL
EVERSENDAI CORPORATION BERHAD,5205.KL
EWEIN BERHAD,7249.KL
EXCEL FORCE MSC BERHAD,0065.KL
FACB INDUSTRIES INCORPORATED BERHAD,2984.KL
FAJARBARU BUILDER GROUP BHD,7047.KL
FAR EAST HOLDINGS BERHAD,5029.KL
FARLIM GROUP (MALAYSIA) BHD,6041.KL
FARM FRESH BERHAD,5306.KL
FARM PRICE HOLDINGS BERHAD,0304.KL
FAST ENERGY HOLDINGS BERHAD,0084.KL
FAVELLE FAVCO BERHAD,7229.KL
FCW HOLDINGS BERHAD,2755.KL
FEDERAL INTERNATIONAL HOLDINGS BERHAD,8605.KL
FEYTECH HOLDINGS BERHAD,5322.KL
FIAMMA HOLDINGS BERHAD,6939.KL
FIBON BERHAD,0149.KL
FIBROMAT (M) BERHAD,3026.KL
FIMA CORPORATION BERHAD,3107.KL
FINTEC GLOBAL BERHAD,0150.KL
FITTERS DIVERSIFIED BERHAD,9318.KL
FLEXIDYNAMIC HOLDINGS BERHAD,0231.KL
FM GLOBAL LOGISTICS HOLDINGS BERHAD,7210.KL
FOCUS DYNAMICS GROUP BERHAD,0116.KL
FOCUS LUMBER BERHAD,5197.KL
FOCUS POINT HOLDINGS BERHAD,0157.KL
FORMOSA PROSONIC INDUSTRIES BERHAD,9172.KL
FOUNDPAC GROUP BERHAD,5277.KL
FRASER & NEAVE HOLDINGS BHD,3689.KL
FRONTKEN CORPORATION BERHAD,0128.KL
FSBM HOLDINGS BERHAD,9377.KL
FTSE BURSA MALAYSIA KLCI ETF,0820EA.KL
G CAPITAL BERHAD,7676.KL
G3 GLOBAL BERHAD,7184.KL
GABUNGAN AQRS BERHAD,5226.KL
GADANG HOLDINGS BHD,9261.KL
GAGASAN NADI CERGAS BERHAD,0206.KL
GAMUDA BERHAD,5398.KL
GAS MALAYSIA BERHAD,5209.KL
GDB HOLDINGS BERHAD,0198.KL
GDEX BERHAD,0078.KL
GENETEC TECHNOLOGY BERHAD,0104.KL
GENTING BERHAD,3182.KL
GENTING MALAYSIA BERHAD,4715.KL
GENTING PLANTATIONS BERHAD,2291.KL
GEORGE KENT (MALAYSIA) BERHAD,3204.KL
GE-SHEN CORPORATION BERHAD,7197.KL
GFM SERVICES BERHAD,0039.KL
GIIB HOLDINGS BERHAD,7192.KL
GLOBAL ORIENTAL BERHAD,1147.KL
GLOBALTEC FORMATION BERHAD,5220.KL
GLOBETRONICS TECHNOLOGY BERHAD,7022.KL
GLOMAC BERHAD,5020.KL
GLOSTREXT BERHAD,0284.KL
GO HUB CAPITAL BERHAD,0311.KL
GOLDEN LAND BERHAD,7382.KL
GOLDEN PHAROS BERHAD,5649.KL
GOPENG BERHAD,2135.KL
GRAND CENTRAL ENTERPRISES BHD,5592.KL
GREATECH TECHNOLOGY BERHAD,0208.KL
GREATER BAY HOLDINGS BERHAD,9148.KL
GREEN OCEAN CORPORATION BERHAD,0074.KL
GREEN PACKET BERHAD,0082.KL
GREENYIELD BERHAD,0136.KL
GROMUTUAL BERHAD,9962.KL
GUAN CHONG BERHAD,5102.KL
GUH HOLDINGS BERHAD,3247.KL
GUOCOLAND (MALAYSIA) BERHAD,1503.KL
HAILY GROUP BERHAD,0237.KL
HANDAL ENERGY BERHAD,7253.KL
HAP SENG CONSOLIDATED BERHAD,3034.KL
HAP SENG PLANTATIONS HOLDINGS BERHAD,5138.KL
HARBOUR-LINK GROUP BERHAD,2062.KL
HARN LEN CORPORATION BHD,7501.KL
HARRISONS HOLDINGS (MALAYSIA) BERHAD,5008.KL
HARTALEGA HOLDINGS BERHAD,5168.KL
HARVEST MIRACLE CAPITAL BERHAD,0060.KL
HB GLOBAL LIMITED,5187.KL
HCK CAPITAL GROUP BERHAD,7105.KL
HE GROUP BERHAD,0296.KL
HEINEKEN MALAYSIA BERHAD,3255.KL
HEITECH PADU BERHAD,5028.KL
HEKTAR REAL ESTATE INVESTMENT TRUST,5121.KL
HENGYUAN REFINING COMPANY BERHAD,4324.KL
HEVEABOARD BERHAD,5095.KL
HEXTAR CAPITAL BERHAD,0035.KL
HEXTAR GLOBAL BERHAD,5151.KL
HEXTAR HEALTHCARE BERHAD,7803.KL
HEXTAR INDUSTRIES BERHAD,0161.KL
HEXTAR RETAIL BERHAD,7202.KL
HEXTAR TECHNOLOGIES SOLUTIONS BERHAD,5136.KL
HEXZA CORPORATION BERHAD,3298.KL
HHRG BERHAD,0175.KL
HIAP HUAT HOLDINGS BERHAD,0160.KL
HIAP TECK VENTURE BERHAD,5072.KL
HIBISCUS PETROLEUM BERHAD,5199.KL
HIL INDUSTRIES BERHAD,8443.KL
HLT GLOBAL BERHAD,0188.KL
HO HUP CONSTRUCTION COMPANY BHD,5169.KL
HO WAH GENTING BERHAD,9601.KL
HOMERITZ CORPORATION BERHAD,5160.KL
HONG LEONG BANK BERHAD,5819.KL
HONG LEONG CAPITAL BERHAD,5274.KL
HONG LEONG FINANCIAL GROUP BERHAD,1082.KL
HONG LEONG INDUSTRIES BERHAD,3301.KL
HONG SENG CONSOLIDATED BERHAD,0041.KL
HPMT HOLDINGS BERHAD,5291.KL
HPP HOLDINGS BERHAD,0228.KL
HSS ENGINEERS BERHAD,0185.KL
HUA YANG BERHAD,5062.KL
HUBLINE BERHAD,7013.KL
HUME CEMENT INDUSTRIES BERHAD,5000.KL
HUP SENG INDUSTRIES BERHAD,5024.KL
HWA TAI INDUSTRIES BERHAD,8478.KL
I-BERHAD,4251.KL
IBRACO BERHAD,5084.KL
ICAPITAL.BIZ BERHAD,5108.KL
ICON OFFSHORE BERHAD,5255.KL
ICONIC WORLDWIDE BERHAD,9113.KL
IDEAL CAPITAL BERHAD,9687.KL
IFCA MSC BERHAD,0023.KL
IGB BERHAD,5606.KL
IGB COMMERCIAL REAL ESTATE INVESTMENT TRUST,5299.KL
IGB REAL ESTATE INVESTMENT TRUST,5227.KL
IHH HEALTHCARE BERHAD,5225.KL
IJM CORPORATION BERHAD,3336.KL
ILB GROUP BERHAD,5614.KL
IMASPRO CORPORATION BERHAD,7222.KL
INARI AMERTRON BERHAD,0166.KL
INCH KENNETH KAJANG RUBBER PUBLIC LTD CO,2607.KL
INDUSTRONICS BERHAD,9393.KL
INFOLINE TEC GROUP BERHAD,0253.KL
INFOMINA BERHAD,0265.KL
INFRAHARTA HOLDINGS BERHAD,7240.KL
INGENIEUR GUDANG BERHAD,5178.KL
INNATURE BERHAD,5295.KL
INNITY CORPORATION BERHAD,0147.KL
INNOPRISE PLANTATIONS BERHAD,6262.KL
INSAS BERHAD,3379.KL
INTA BINA GROUP BERHAD,0192.KL
IOI CORPORATION BERHAD,1961.KL
IOI PROPERTIES GROUP BERHAD,5249.KL
IQ GROUP HOLDINGS BERHAD,5107.KL
IREKA CORPORATION BERHAD,8834.KL
IRIS CORPORATION BERHAD,0010.KL
ISKANDAR WATERFRONT CITY BERHAD,1589.KL
ITMAX SYSTEM BERHAD,5309.KL
JADI IMAGING HOLDINGS BERHAD,7223.KL
JAG BERHAD,0024.KL
JAKS RESOURCES BERHAD,4723.KL
JASA KITA BERHAD,8648.KL
JATI TINGGI GROUP BERHAD,0292.KL
JAYA TIASA HOLDINGS BHD,4383.KL
JAYCORP BERHAD,7152.KL
JCBNEXT BERHAD,0058.KL
JCY INTERNATIONAL BERHAD,5161.KL
JENTAYU SUSTAINABLES BERHAD,5673.KL
JF TECHNOLOGY BERHAD,0146.KL
JHM CONSOLIDATION BERHAD,0127.KL
JIANKUN INTERNATIONAL BERHAD,8923.KL
JKG LAND BERHAD,6769.KL
JOE HOLDING BERHAD,7096.KL
JOHAN HOLDINGS BERHAD,3441.KL
JOHOR PLANTATIONS GROUP BERHAD,5323.KL
K. SENG SENG CORPORATION BERHAD,5192.KL
KAMDAR GROUP (M) BERHAD,8672.KL
KANGER INTERNATIONAL BERHAD,0170.KL
KAREX BERHAD,5247.KL
KARYON INDUSTRIES BERHAD,0054.KL
KAWAN FOOD BERHAD,7216.KL
KAWAN RENERGY BERHAD,0307.KL
KECK SENG (MALAYSIA) BERHAD,3476.KL
KEIN HING INTERNATIONAL BERHAD,7199.KL
KELINGTON GROUP BERHAD,0151.KL
KEN HOLDINGS BERHAD,7323.KL
KENANGA INVESTMENT BANK BERHAD,6483.KL
KENANGA KLCI DAILY (-1X) INVERSE ETF,0835EA.KL
KENANGA KLCI DAILY 2X LEVERAGED ETF,0834EA.KL
KERJAYA PROSPEK GROUP BERHAD,7161.KL
KERJAYA PROSPEK PROPERTY BERHAD,7077.KL
KESM INDUSTRIES BERHAD,9334.KL
KEY ALLIANCE GROUP BERHAD,0036.KL
KEY ASIC BERHAD,0143.KL
KEYFIELD INTERNATIONAL BERHAD,5321.KL
KGW GROUP BERHAD,0282.KL
KHEE SAN BERHAD,6203.KL
KHIND HOLDINGS BERHAD,7062.KL
KIA LIM BERHAD,6211.KL
KIM HIN INDUSTRY BERHAD,5371.KL
KIM HIN JOO (MALAYSIA) BERHAD,0210.KL
KIM LOONG RESOURCES BERHAD,5027.KL
KIM TECK CHEONG CONSOLIDATED BERHAD,0180.KL
KIMLUN CORPORATION BERHAD,5171.KL
KINERGY ADVANCEMENT BERHAD,0193.KL
KIP REAL ESTATE INVESTMENT TRUST,5280.KL
KJTS GROUP BERHAD,0293.KL
KKB ENGINEERING BERHAD,9466.KL
KLCC PROPERTY HOLDINGS BERHAD,5235SS.KL
KLCC REAL ESTATE INVESTMENT TRUST,5235SS.KL
KLUANG RUBBER COMPANY (MALAYA) BERHAD,2453.KL
KNM GROUP BERHAD,7164.KL
KNUSFORD BERHAD,5035.KL
KOBAY TECHNOLOGY BERHAD,6971.KL
KOMARKCORP BERHAD,7017.KL
K-ONE TECHNOLOGY BERHAD,0111.KL
KOSSAN RUBBER INDUSTRIES BERHAD,7153.KL
KOTRA INDUSTRIES BERHAD,0002.KL
KPJ HEALTHCARE BERHAD,5878.KL
KPS CONSORTIUM BERHAD,9121.KL
KRETAM HOLDINGS BERHAD,1996.KL
KRONOLOGI ASIA BERHAD,0176.KL
KSL HOLDINGS BERHAD,5038.KL
KTI LANDMARK BERHAD,0308.KL
KUALA LUMPUR KEPONG BERHAD,2445.KL
KUB MALAYSIA BERHAD,6874.KL
KUCHAI DEVELOPMENT BERHAD,2186.KL
KUCINGKO BERHAD,0315.KL
KUMPULAN FIMA BERHAD,6491.KL
KUMPULAN H & L HIGH-TECH BERHAD,7033.KL
KUMPULAN JETSON BERHAD,9083.KL
KUMPULAN KITACON BERHAD,5310.KL
KUMPULAN PERANGSANG SELANGOR BERHAD,5843.KL
KYM HOLDINGS BERHAD,8362.KL
L&P GLOBAL BERHAD,0268.KL
LAGENDA PROPERTIES BERHAD,7179.KL
LAMBO GROUP BERHAD,0018.KL
LAND & GENERAL BERHAD,3174.KL
LANDMARKS BERHAD,1643.KL
LAY HONG BERHAD,9385.KL
LB ALUMINIUM BERHAD,9326.KL
LBI CAPITAL BERHAD,8494.KL
LBS BINA GROUP BERHAD,5789.KL
LEADER STEEL HOLDINGS BERHAD,9881.KL
LEBTECH BERHAD,9628.KL
LEE SWEE KIAT GROUP BERHAD,8079.KL
LEFORM BERHAD,0266.KL
LEON FUAT BERHAD,5232.KL
LEONG HUP INTERNATIONAL BERHAD,6633.KL
LFE CORPORATION BERHAD,7170.KL
LGMS BERHAD,0249.KL
LIEN HOE CORPORATION BERHAD,3573.KL
LII HEN INDUSTRIES BHD.,7089.KL
LION INDUSTRIES CORPORATION BERHAD,4235.KL
LION POSIM BERHAD,8486.KL
LKL INTERNATIONAL BERHAD,0182.KL
LOTTE CHEMICAL TITAN HOLDING BERHAD,5284.KL
LOTUS KFM BERHAD,8303.KL
LPI CAPITAL BHD,8621.KL
LTKM BERHAD,7085.KL
LUSTER INDUSTRIES BHD.,5068.KL
LUXCHEM CORPORATION BERHAD,5143.KL
LYC HEALTHCARE BERHAD,0075.KL
LYSAGHT GALVANIZED STEEL BERHAD,9199.KL
M & A EQUITY HOLDINGS BERHAD,7082.KL
M N C WIRELESS BERHAD,0103.KL
MAA GROUP BERHAD,1198.KL
MAG HOLDINGS BERHAD,0095.KL
MAGMA GROUP BERHAD,7243.KL
MAGNA PRIMA BERHAD,7617.KL
MAGNI-TECH INDUSTRIES BERHAD,7087.KL
MAGNUM BERHAD,3859.KL
MAH SING GROUP BERHAD,8583.KL
MAJUPERAK HOLDINGS BERHAD,8141.KL
MALAKOFF CORPORATION BERHAD,5264.KL
MALAYAN BANKING BERHAD,1155.KL
MALAYAN CEMENT BERHAD,3794.KL
MALAYAN FLOUR MILLS BERHAD,3662.KL
MALAYAN UNITED INDUSTRIES BERHAD,3891.KL
MALAYSIA MARINE AND HEAVY ENGINEERING HOLDINGS BERHAD,5186.KL
MALAYSIA SMELTING CORPORATION BERHAD,5916.KL
MALAYSIA STEEL WORKS (KL) BHD,5098.KL
MALAYSIAN GENOMICS RESOURCE CENTRE BERHAD,0155.KL
MALAYSIAN PACIFIC INDUSTRIES BERHAD,3867.KL
MALAYSIAN RESOURCES CORPORATION BERHAD,1651.KL
MALPAC HOLDINGS BERHAD,4936.KL
MALTON BERHAD,6181.KL
MANAGEPAY SYSTEMS BERHAD,0156.KL
MANULIFE HOLDINGS BERHAD,1058.KL
MARCO HOLDINGS BERHAD,3514.KL
MARINE & GENERAL BERHAD,5078.KL
MASTER TEC GROUP BERHAD,0295.KL
MASTER-PACK GROUP BERHAD,7029.KL
MATANG BERHAD,0189.KL
MATRIX CONCEPTS HOLDINGS BERHAD,5236.KL
MAXIM GLOBAL BERHAD,4022.KL
MAXIS BERHAD,6012.KL
MAXLAND BERHAD,7123.KL
MAYBULK BERHAD,5077.KL
MAYU GLOBAL GROUP BERHAD,7099.KL
MBM RESOURCES BHD,5983.KL
MBSB BERHAD,1171.KL
MCE HOLDINGS BERHAD,7004.KL
MCLEAN TECHNOLOGIES BERHAD,0167.KL
MEDIA CHINESE INTERNATIONAL LIMITED,5090.KL
MEDIA PRIMA BERHAD,4502.KL
MEGA FIRST CORPORATION BERHAD,3069.KL
MELATI EHSAN HOLDINGS BERHAD,5129.KL
MELEWAR INDUSTRIAL GROUP BERHAD,3778.KL
MENANG CORPORATION (M) BERHAD,1694.KL
MENTIGA CORPORATION BERHAD,5223.KL
MERCURY INDUSTRIES BERHAD,8192.KL
MERCURY SECURITIES GROUP BERHAD,0285.KL
MERIDIAN BERHAD,5040.KL
MESB BERHAD,7234.KL
MESINIAGA BERHAD,5011.KL
MESTRON HOLDINGS BERHAD,0207.KL
META BRIGHT GROUP BERHAD,2097.KL
METROD HOLDINGS BERHAD,6149.KL
METRONIC GLOBAL BERHAD,0043.KL
MGB BERHAD,7595.KL
MHC PLANTATIONS BHD,5026.KL
MI TECHNOVATION BERHAD,5286.KL
MICROLINK SOLUTIONS BERHAD,0126.KL
MIECO CHIPBOARD BERHAD,5001.KL
MIKRO MSC BERHAD,0112.KL
MILUX CORPORATION BERHAD,7935.KL
MINETECH RESOURCES BERHAD,7219.KL
MINHO (M) BERHAD,5576.KL
MINOX INTERNATIONAL GROUP BERHAD,0288.KL
MISC BERHAD,3816.KL
MITRAJAYA HOLDINGS BERHAD,9571.KL
MK LAND HOLDINGS BERHAD,8893.KL
MKH BERHAD,6114.KL
MKH OIL PALM (EAST KALIMANTAN) BERHAD,5319.KL
MLABS SYSTEMS BERHAD,0085.KL
MMAG HOLDINGS BERHAD,0034.KL
MMS VENTURES BERHAD,0113.KL
MN HOLDINGS BERHAD,0245.KL
MNRB HOLDINGS BERHAD,6459.KL
MOBILIA HOLDINGS BERHAD,0229.KL
MPIRE GLOBAL BERHAD,7943.KL
MQ TECHNOLOGY BERHAD,0070.KL
MR D.I.Y. GROUP (M) BERHAD,5296.KL
MSM MALAYSIA HOLDINGS BERHAD,5202.KL
MST GOLF GROUP BERHAD,5316.KL
MTAG GROUP BERHAD,0213.KL
MTOUCHE TECHNOLOGY BERHAD,0092.KL
MUAR BAN LEE GROUP BERHAD,5152.KL
MUDA HOLDINGS BERHAD,3883.KL
MUDAJAYA GROUP BERHAD,5085.KL
MUHIBBAH ENGINEERING (M) BHD,5703.KL
MUI PROPERTIES BERHAD,3913.KL
MULPHA INTERNATIONAL BERHAD,3905.KL
MULTI-USAGE HOLDINGS BERHAD,9539.KL
MY E.G. SERVICES BERHAD,0138.KL
MYCRON STEEL BERHAD,5087.KL
MYMBN BERHAD,0280.KL
MYNEWS HOLDINGS BERHAD,5275.KL
MYTECH GROUP BERHAD,7692.KL
N2N CONNECT BERHAD,0108.KL
NAIM HOLDINGS BERHAD,5073.KL
NATIONGATE HOLDINGS BERHAD,0270.KL
NCT ALLIANCE BERHAD,0056.KL
NEGRI SEMBILAN OIL PALMS BERHAD,2038.KL
NESTCON BERHAD,0235.KL
NESTLE (MALAYSIA) BERHAD,4707.KL
NETX HOLDINGS BERHAD,0020.KL
NEW HOONG FATT HOLDINGS BERHAD,7060.KL
NEXGRAM HOLDINGS BERHAD,0096.KL
NEXTGREEN GLOBAL BERHAD,7241.KL
NI HSIN GROUP BERHAD,7215.KL
NICHE CAPITAL EMAS HOLDINGS BERHAD,7139.KL
NOTION VTEC BERHAD,0083.KL
NOVA MSC BERHAD,0026.KL
NOVA WELLNESS GROUP BERHAD,0201.KL
NTPM HOLDINGS BERHAD,5066.KL
OCB BERHAD,5533.KL
OCEAN FRESH BERHAD,0312.KL
OCEAN VANTAGE HOLDINGS BERHAD,0220.KL
OCEANCASH PACIFIC BERHAD,0049.KL
OCK GROUP BERHAD,0172.KL
OCR GROUP BERHAD,7071.KL
OKA CORPORATION BHD,7140.KL
OLYMPIA INDUSTRIES BERHAD,3018.KL
OM HOLDINGS LIMITED,5298.KL
OMESTI BERHAD,9008.KL
ONE GLOVE GROUP BERHAD,5079.KL
ONLY WORLD GROUP HOLDINGS BERHAD,5260.KL
OPENSYS (M) BERHAD,0040.KL
OPPSTAR BERHAD,0275.KL
OPTIMAX HOLDINGS BERHAD,0222.KL
ORGABIO HOLDINGS BERHAD,0252.KL
ORIENTAL FOOD INDUSTRIES HOLDINGS BERHAD,7107.KL
ORIENTAL HOLDINGS BERHAD,4006.KL
ORIENTAL INTEREST BERHAD,5827.KL
ORNAPAPER BERHAD,5065.KL
OSK HOLDINGS BERHAD,5053.KL
OSK VENTURES INTERNATIONAL BERHAD,0053.KL
OVERSEA ENTERPRISE BERHAD,0153.KL
P.A. RESOURCES BERHAD,7225.KL
P.I.E. INDUSTRIAL BERHAD,7095.KL
PACIFIC & ORIENT BERHAD,6009.KL
PADINI HOLDINGS BERHAD,7052.KL
PAN MALAYSIA CORPORATION BERHAD,4081.KL
PAN MALAYSIA HOLDINGS BERHAD,1287.KL
PANASONIC MANUFACTURING MALAYSIA BERHAD,3719.KL
PANDA ECO SYSTEM BERHAD,0290.KL
PANSAR BERHAD,8419.KL
PANTECH GROUP HOLDINGS BERHAD,5125.KL
PAOS HOLDINGS BERHAD,5022.KL
PAPPAJACK BERHAD,0242.KL
PARAGON GLOBE BERHAD,3611.KL
PARAGON UNION BERHAD,9407.KL
PARAMOUNT CORPORATION BERHAD,1724.KL
PARKSON HOLDINGS BERHAD,5657.KL
PARKWOOD HOLDINGS BERHAD,2682.KL
PARLO BERHAD,0022.KL
PASDEC HOLDINGS BERHAD,6912.KL
PASUKHAS GROUP BERHAD,0177.KL
PAVILION REAL ESTATE INVESTMENT TRUST,5212.KL
PBA HOLDINGS BHD,5041.KL
PBS BERHAD,5231.KL
PCCS GROUP BERHAD,6068.KL
PDZ HOLDINGS BHD,6254.KL
PECCA GROUP BERHAD,5271.KL
PEGASUS HEIGHTS BERHAD,4464.KL
PEKAT GROUP BERHAD,0233.KL
PENSONIC HOLDINGS BERHAD,9997.KL
PENTAMASTER CORPORATION BERHAD,7160.KL
PERAK CORPORATION BERHAD,8346.KL
PERAK TRANSIT BERHAD,0186.KL
PERDANA PETROLEUM BERHAD,7108.KL
PERMAJU INDUSTRIES BERHAD,7080.KL
PERTAMA DIGITAL BERHAD,8532.KL
PERUSAHAAN SADUR TIMAH MALAYSIA (PERSTIMA) BHD,5436.KL
PESONA METRO HOLDINGS BERHAD,8311.KL
PESTECH INTERNATIONAL BERHAD,5219.KL
PETERLABS HOLDINGS BERHAD,0171.KL
PETRA ENERGY BERHAD,5133.KL
PETRON MALAYSIA REFINING & MARKETING BHD,3042.KL
PETRONAS CHEMICALS GROUP BERHAD,5183.KL
PETRONAS DAGANGAN BHD,5681.KL
PETRONAS GAS BERHAD,6033.KL
PGF CAPITAL BERHAD,8117.KL
PHARMANIAGA BERHAD,7081.KL
PIMPINAN EHSAN BERHAD,5622.KL
PINEAPPLE RESOURCES BERHAD,0006.KL
PINEHILL PACIFIC BERHAD,1902.KL
PINTARAS JAYA BHD,9598.KL
PJBUMI BERHAD,7163.KL
PLB ENGINEERING BERHAD,7055.KL
PLENITUDE BERHAD,5075.KL
PLS PLANTATIONS BERHAD,9695.KL
PLYTEC HOLDING BERHAD,0289.KL
PMB TECHNOLOGY BERHAD,7172.KL
PNE PCB BERHAD,6637.KL
POH HUAT RESOURCES HOLDINGS BERHAD,7088.KL
POH KONG HOLDINGS BERHAD,5080.KL
POS MALAYSIA BERHAD,4634.KL
POWER ROOT BERHAD,7237.KL
POWERWELL HOLDINGS BERHAD,0217.KL
PPB GROUP BERHAD,4065.KL
PRESS METAL ALUMINIUM HOLDINGS BERHAD,8869.KL
PRESTAR RESOURCES BERHAD,9873.KL
PRG HOLDINGS BERHAD,7168.KL
PRINCIPAL FTSE CHINA 50 ETF,0823EA.KL
PRIVASIA TECHNOLOGY BERHAD,0123.KL
PROGRESSIVE IMPACT CORPORATION BERHAD,7201.KL
PROLINTAS INFRA BUSINESS TRUST,5320.KL
PROPEL GLOBAL BERHAD,0091.KL
PROTASCO BERHAD,5070.KL
PT RESOURCES HOLDINGS BERHAD,0260.KL
PTT SYNERGY GROUP BERHAD,7010.KL
PUBLIC BANK BERHAD,1295.KL
PUBLIC PACKAGES HOLDINGS BHD,8273.KL
PUC BERHAD,0007.KL
PUNCAK NIAGA HOLDINGS BERHAD,6807.KL
PWF CORPORATION BERHAD,7134.KL
QES GROUP BERHAD,0196.KL
QL RESOURCES BERHAD,7084.KL
QUALITY CONCRETE HOLDINGS BERHAD,7544.KL
RADIANT GLOBALTECH BERHAD,0202.KL
RADIUM DEVELOPMENT BERHAD,5313.KL
RALCO CORPORATION BERHAD,7498.KL
RAMSSOL GROUP BERHAD,0236.KL
RANHILL UTILITIES BERHAD,5272.KL
RAPID SYNERGY BERHAD,7765.KL
RCE CAPITAL BERHAD,9296.KL
REDTONE DIGITAL BERHAD,0032.KL
REKATECH CAPITAL BERHAD,0081.KL
RENEUCO BERHAD,7130.KL
RESERVOIR LINK ENERGY BHD,0219.KL
RESINTECH BERHAD,7232.KL
REVENUE GROUP BERHAD,0200.KL
REX INDUSTRY BERHAD,9946.KL
REXIT BERHAD,0106.KL
RGB INTERNATIONAL BHD,0037.KL
RGT BERHAD,9954.KL
RHB BANK BERHAD,1066.KL
RHONE MA HOLDINGS BERHAD,5278.KL
RHONG KHEN INTERNATIONAL BERHAD,7006.KL
RIMBUNAN SAWIT BERHAD,5113.KL
RIVERVIEW RUBBER ESTATES BERHAD,2542.KL
ROHAS TECNIC BERHAD,9741.KL
S & F CAPITAL BERHAD,8745.KL
S P SETIA BERHAD,8664.KL
SALCON BERHAD,8567.KL
SALUTICA BERHAD,0183.KL
SAM ENGINEERING & EQUIPMENT (M) BERHAD,9822.KL
SAMAIDEN GROUP BERHAD,0223.KL
SAMCHEM HOLDINGS BERHAD,5147.KL
SANICHI TECHNOLOGY BERHAD,0133.KL
SAPURA ENERGY BERHAD,5218.KL
SAPURA INDUSTRIAL BERHAD,7811.KL
SAPURA RESOURCES BERHAD,4596.KL
SARAWAK CABLE BERHAD,5170.KL
SARAWAK CONSOLIDATED INDUSTRIES BERHAD,9237.KL
SARAWAK OIL PALMS BERHAD,5126.KL
SARAWAK PLANTATION BERHAD,5135.KL
SASBADI HOLDINGS BERHAD,5252.KL
SAUDEE GROUP BERHAD,5157.KL
SBC CORPORATION BERHAD,5207.KL
SBH MARINE HOLDINGS BERHAD,0300.KL
SC ESTATE BUILDER BERHAD,0109.KL
SCANWOLF CORPORATION BERHAD,7239.KL
SCC HOLDINGS BERHAD,0158.KL
SCGM BHD,7247.KL
SCICOM (MSC) BERHAD,0099.KL
SCIENTEX BERHAD,4731.KL
SCIENTEX PACKAGING (AYER KEROH) BERHAD,8125.KL
SCOPE INDUSTRIES BERHAD,0028.KL
SD GUTHRIE BERHAD,5285.KL
SDS GROUP BERHAD,0212.KL
SEACERA GROUP BERHAD,7073.KL
SEAL INCORPORATED BERHAD,4286.KL
SEALINK INTERNATIONAL BERHAD,5145.KL
SECUREMETRIC BERHAD,0203.KL
SEDANIA INNOVATOR BERHAD,0178.KL
SEE HUP CONSOLIDATED BERHAD,7053.KL
SEG INTERNATIONAL BHD,9792.KL
SELANGOR DREDGING BERHAD,2224.KL
SENG FONG HOLDINGS BERHAD,5308.KL
SENHENG NEW RETAIL BERHAD,5305.KL
SENI JAYA CORPORATION BERHAD,9431.KL
SENTORIA GROUP BERHAD,5213.KL
SENTRAL REIT,5123.KL
SEREMBAN ENGINEERING BERHAD,5163.KL
SERN KOU RESOURCES BERHAD,7180.KL
SERSOL BERHAD,0055.KL
SFP TECH HOLDINGS BERHAD,0251.KL
SHANGRI-LA HOTELS (MALAYSIA) BERHAD,5517.KL
SHH RESOURCES HOLDINGS BERHAD,7412.KL
SHIN YANG GROUP BERHAD,5173.KL
SHL CONSOLIDATED BHD,6017.KL
SIAB HOLDINGS BERHAD,0241.KL
SIGNATURE INTERNATIONAL BERHAD,7246.KL
SILVER RIDGE HOLDINGS BHD,0129.KL
SIME DARBY BERHAD,4197.KL
SIME DARBY PROPERTY BERHAD,5288.KL
SIN HENG CHAN (MALAYA) BERHAD,4316.KL
SINARAN ADVANCE GROUP BERHAD,5172.KL
SIN-KUNG LOGISTICS BERHAD,0305.KL
SINMAH CAPITAL BERHAD,9776.KL
SKB SHUTTERS CORPORATION BERHAD,7115.KL
SKP RESOURCES BHD,7155.KL
SKYWORLD DEVELOPMENT BERHAD,5315.KL
SLP RESOURCES BERHAD,7248.KL
SMART ASIA CHEMICAL BHD,0306.KL
SMIS CORPORATION BERHAD,7132.KL
SMRT HOLDINGS BERHAD,0117.KL
SMTRACK BERHAD,0169.KL
SNS NETWORK TECHNOLOGY BERHAD,0259.KL
SOLARVEST HOLDINGS BERHAD,0215.KL
SOLID AUTOMOTIVE BERHAD,5242.KL
SOLUTION GROUP BERHAD,0093.KL
SOUTH MALAYSIA INDUSTRIES BERHAD,4375.KL
SOUTHERN ACIDS (M) BERHAD,5134.KL
SOUTHERN CABLE GROUP BERHAD,0225.KL
SOUTHERN SCORE BUILDERS BERHAD,0045.KL
SOUTHERN STEEL BERHAD,5665.KL
SPORTS TOTO BERHAD,1562.KL
SPRING ART HOLDINGS BERHAD,0216.KL
SPRITZER BHD,7103.KL
SSF HOME GROUP BERHAD,0287.KL
STAR MEDIA GROUP BERHAD,6084.KL
STRAITS ENERGY RESOURCES BERHAD,0080.KL
SUBUR TIASA HOLDINGS BERHAD,6904.KL
SUCCESS TRANSFORMER CORPORATION BERHAD,7207.KL
SUNGEI BAGAN RUBBER COMPANY (MALAYA) BERHAD,2569.KL
SUNSURIA BERHAD,3743.KL
SUNVIEW GROUP BERHAD,0262.KL
SUNWAY BERHAD,5211.KL
SUNWAY CONSTRUCTION GROUP BERHAD,5263.KL
SUNWAY REAL ESTATE INVESTMENT TRUST,5176.KL
SUNZEN BIOTECH BERHAD,0148.KL
SUPERCOMNET TECHNOLOGIES BERHAD,0001.KL
SUPERLON HOLDINGS BERHAD,7235.KL
SUPERMAX CORPORATION BERHAD,7106.KL
SUPREME CONSOLIDATED RESOURCES BERHAD,3018.KL
SURIA CAPITAL HOLDINGS BERHAD,6521.KL
SWIFT HAULAGE BERHAD,5303.KL
SWS CAPITAL BERHAD,7186.KL
SYARIKAT TAKAFUL MALAYSIA KELUARGA BERHAD,6139.KL
SYCAL VENTURES BERHAD,9717.KL
SYMPHONY LIFE BERHAD,1538.KL
SYNERGY HOUSE BERHAD,0279.KL
SYSTECH BHD,0050.KL
T7 GLOBAL BERHAD,7228.KL
TA ANN HOLDINGS BERHAD,5012.KL
TA WIN HOLDINGS BERHAD,7097.KL
TAFI INDUSTRIES BERHAD,7211.KL
TALAM TRANSFORM BERHAD,2259.KL
TALIWORKS CORPORATION BERHAD,8524.KL
TAMBUN INDAH LAND BERHAD,5191.KL
TAN CHONG MOTOR HOLDINGS BERHAD,4405.KL
TANCO HOLDINGS BERHAD,2429.KL
TAS OFFSHORE BERHAD,5149.KL
TASCO BERHAD,5140.KL
TASHIN HOLDINGS BERHAD,0211.KL
TCS GROUP HOLDINGS BERHAD,0221.KL
TDM BERHAD,2054.KL
TECHBASE INDUSTRIES BERHAD,8966.KL
TECHBOND GROUP BERHAD,5289.KL
TECHNA-X BERHAD,2739.KL
TECHNODEX BHD,0132.KL
TECK GUAN PERDANA BERHAD,7439.KL
TEK SENG HOLDINGS BERHAD,7200.KL
TELADAN GROUP BERHAD,0230.KL
TELEKOM MALAYSIA BERHAD,4863.KL
TENAGA NASIONAL BHD,5347.KL
TEO GUAN LEE CORPORATION BERHAD,9369.KL
TEO SENG CAPITAL BERHAD,7252.KL
TEX CYCLE TECHNOLOGY (M) BERHAD,0089.KL
TEXCHEM RESOURCES BERHAD,8702.KL
TFP SOLUTIONS BERHAD,0145.KL
TH PLANTATIONS BERHAD,5112.KL
THETA EDGE BERHAD,9075.KL
THONG GUAN INDUSTRIES BERHAD,7034.KL
THREE-A RESOURCES BERHAD,0012.KL
THRIVEN GLOBAL BERHAD,7889.KL
TIEN WAH PRESS HOLDINGS BERHAD,7374.KL
TIMBERWELL BERHAD,7854.KL
TIME DOTCOM BERHAD,5031.KL
TIONG NAM LOGISTICS HOLDINGS BERHAD,8397.KL
TITIJAYA LAND BERHAD,5239.KL
TMC LIFE SCIENCES BERHAD,0101.KL
TOMEI CONSOLIDATED BERHAD,7230.KL
TOMYPAK HOLDINGS BERHAD,7285.KL
TONG HERR RESOURCES BERHAD,5010.KL
TOP GLOVE CORPORATION BHD,7113.KL
TOPMIX BERHAD,0302.KL
TOWER REAL ESTATE INVESTMENT TRUST,5111.KL
TOYO VENTURES HOLDINGS BERHAD,7173.KL
TPC PLUS BERHAD,7176.KL
TRADEPLUS S&P NEW CHINA TRACKER-MYR,0829EA.KL
TRADEPLUS S&P NEW CHINA TRACKER-USD,0829EB.KL
TRADEPLUS SHARIAH GOLD TRACKER,0828EA.KL
TRC SYNERGY BERHAD,5054.KL
TRI-MODE SYSTEM (M) BERHAD,0199.KL
TRIVE PROPERTY GROUP BERHAD,0118.KL
TROPICANA CORPORATION BERHAD,5401.KL
TSA GROUP BERHAD,0297.KL
TSH RESOURCES BERHAD,9059.KL
TSR CAPITAL BERHAD,5042.KL
TT VISION HOLDINGS BERHAD,0272.KL
TUJU SETIA BERHAD,5297.KL
TUNE PROTECT GROUP BERHAD,5230.KL
TURBO-MECH BERHAD,5167.KL
TURIYA BERHAD,4359.KL
TWL HOLDINGS BERHAD,7079.KL
UCHI TECHNOLOGIES BERHAD,7100.KL
UCREST BERHAD,0005.KL
UEM EDGENTA BERHAD,1368.KL
UEM SUNRISE BERHAD,5148.KL
UMEDIC GROUP BERHAD,0256.KL
UMS HOLDINGS BERHAD,7137.KL
UMS-NEIKEN GROUP BERHAD,7227.KL
UNIMECH GROUP BERHAD,7091.KL
UNIQUE FIRE HOLDINGS BERHAD,0257.KL
UNISEM (M) BERHAD,5005.KL
UNITED MALACCA BERHAD,2593.KL
UNITED PLANTATIONS BERHAD,2089.KL
UNITED U-LI CORPORATION BERHAD,7133.KL
UNITRADE INDUSTRIES BERHAD,0247.KL
UOA DEVELOPMENT BHD,5200.KL
UOA REAL ESTATE INVESTMENT TRUST,5110.KL
UPA CORPORATION BHD,7757.KL
UUE HOLDINGS BERHAD,0310.KL
UWC BERHAD,5292.KL
UZMA BERHAD,7250.KL
V.S. INDUSTRY BERHAD,6963.KL
VARIA BERHAD,5006.KL
VELESTO ENERGY BERHAD,5243.KL
VELOCITY CAPITAL PARTNER BERHAD,7165.KL
VERSATILE CREATIVE BERHAD,4995.KL
VESTLAND BERHAD,0273.KL
VINVEST CAPITAL HOLDINGS BERHAD,0069.KL
VISDYNAMICS HOLDINGS BERHAD,0120.KL
VITROX CORPORATION BERHAD,0097.KL
VIZIONE HOLDINGS BERHAD,7070.KL
VOLCANO BERHAD,0232.KL
VP-DJ SHARIAH CHINA A-SHARES 100 ETF - MYR,0838EA.KL
VSOLAR GROUP BERHAD,0066.KL
VSTECS BERHAD,5162.KL
WAJA KONSORTIUM BERHAD,0102.KL
WANG-ZHENG BERHAD,7203.KL
WARISAN TC HOLDINGS BERHAD,5016.KL
WASCO BERHAD,5142.KL
WATTA HOLDING BERHAD,7226.KL
WCE HOLDINGS BERHAD,3565.KL
WCT HOLDINGS BERHAD,9679.KL
WEGMANS HOLDINGS BERHAD,0197.KL
WELL CHIP GROUP BERHAD,5325.KL
WELLCALL HOLDINGS BERHAD,7231.KL
WELLSPIRE HOLDINGS BERHAD,0271.KL
WENTEL ENGINEERING HOLDINGS BERHAD,0298.KL
WESTPORTS HOLDINGS BERHAD,5246.KL
WHITE HORSE BERHAD,5009.KL
WIDAD GROUP BERHAD,0162.KL
WILLOWGLEN MSC BERHAD,0008.KL
WMG HOLDINGS BERHAD,6378.KL
WONG ENGINEERING CORPORATION BERHAD,7050.KL
WOODLANDOR HOLDINGS BHD,7025.KL
WTK HOLDINGS BERHAD,4243.KL
XIDELANG HOLDINGS LTD,5156.KL
XIN HWA HOLDINGS BERHAD,5267.KL
XIN SYNERGY GROUP BERHAD,7043.KL
XL HOLDINGS BERHAD,7121.KL
XOX BHD,0165.KL
XOX NETWORKS BERHAD,0140.KL
XOX TECHNOLOGY BERHAD,0017.KL
Y&G CORPORATION BHD,7003.KL
Y.S.P. SOUTHEAST ASIA HOLDING BERHAD,7178.KL
YB VENTURES BERHAD,5048.KL
YBS INTERNATIONAL BERHAD,0025.KL
YENHER HOLDINGS BERHAD,5300.KL
YEW LEE PACIFIC GROUP BERHAD,0248.KL
YGL CONVERGENCE BERHAD,0086.KL
YINSON HOLDINGS BERHAD,7293.KL
YLI HOLDINGS BERHAD,7014.KL
YNH PROPERTY BERHAD,3158.KL
YONG TAI BERHAD,7066.KL
YOONG ONN CORPORATION BERHAD,5159.KL
YTL CORPORATION BERHAD,4677.KL
YTL HOSPITALITY REIT,5109.KL
YTL POWER INTERNATIONAL BHD,6742.KL
YX PRECIOUS METALS BHD,0250.KL
ZANTAT HOLDINGS BERHAD,0301.KL
ZECON BERHAD,7028.KL
ZELAN BERHAD,2283.KL
ZEN TECH INTERNATIONAL BERHAD,0094.KL
ZHULIAN CORPORATION BERHAD,5131.KL
